url_path,views_total,views_unique
/IdahoLabResearch/BIhNNs/tree/main/src,15,5
/IdahoLabResearch/BIhNNs,10,8
/IdahoLabResearch/BIhNNs/tree/main/src/hnns,10,5
/IdahoLabResearch/BIhNNs/tree/main/src/dnns,8,3
/IdahoLabResearch/BIhNNs/blob/main/README.md,7,3
/IdahoLabResearch/BIhNNs/tree/main,7,1
/IdahoLabResearch/BIhNNs/blob/main/src/dnns/nn_models.py,3,1
/IdahoLabResearch/BIhNNs/blob/main/Schematic.png,2,2
/IdahoLabResearch/BIhNNs/blob/main/src/dnns/dnn_hmc.py,2,2
/IdahoLabResearch/BIhNNs/blob/main/src/hnns/hnn.py,2,2
